X1,X2
-2.698239414688355,1.3454702007311967
-2.874598348699494,1.8097574960862
0.960771257759933,1.1704677734554443
-2.9403232356121336,1.8022456932181554
-2.7248364449006712,1.683584922605557
-2.7532033602586083,1.4299232170169651
-2.8078216617987173,1.831527138504165
-2.7212805259756774,1.7380257024896077
-1.3871658277423602,2.24360648990304
-2.7385476561753594,1.8175908584521763
-2.866360151839779,1.7581037796624164
-2.8166321620037063,1.7587029841298834
-2.83784113990913,1.88661726885445
-2.690217630793406,1.4203199876908796
-2.719160462500042,1.8528022019872306
-2.758984741413364,1.4425955515746502
-2.822206972401302,2.7320466618271397
-1.1035087055091701,2.2085141765950316
-2.7854329350997062,2.723725293893974
-0.11556921145029547,2.300826229162379
-2.786092567988655,1.272725182541299
-2.6501437861881985,1.722653060771731
-2.802627672254815,2.864284011158359
-2.6291724225766275,2.988396488360689
0.7841487091684938,2.325030546538672
0.21330795231464336,2.7065148910738777
-2.88747702727462,1.744069300342745
0.5856801937565637,2.413454569533916
-2.5675059698796097,1.323418708145937
-1.6511061556046627,2.3750558501767722
-2.778645615762438,1.3385892552225993
-0.8422264063880767,2.5679240155949232
-2.9660760710704546,2.754325140770452
-2.7804276569512636,1.3105732465129012
-2.7066826413018545,1.4490086237598503
-2.6118019934334247,1.9652200973505796
0.8098672516030994,1.5494693615878028
-2.8073293199827796,1.92175005357706
-2.7558154351042843,2.848642265135037
-2.8432300775962536,2.9021561702882495
-2.7919834613464842,1.769384020155296
-1.1251691316782242,1.3769837405407352
-1.3017084172546942,2.0743927353254694
0.31792548153821704,2.0055002836783027
-0.08685523854840799,2.66490516034099
-1.5523355524670384,2.1702471061026745
-2.6806123780395876,1.279750063421525
-2.808623155034137,1.7613068991346217
-2.6836537621252994,1.3429481839476993
-1.801593546722156,2.1955972628826466
-2.8325194276366585,1.6224898385278466
-2.850799507332558,2.7254175972399475
0.7990556462390335,2.1869459055698477
-3.0228610803255376,2.8299708458184853
-3.0016808306572695,1.866710800514606
-2.733363670341692,1.6573070006675483
-2.8809107758777848,1.868321517834724
-2.8472727617612303,1.2808211264359233
-1.6544886443801219,1.8516188328375431
0.21671591966929785,2.4860202370167763
-2.897856925485626,1.7780954651601268
-1.333701503968288,2.163219313670327
-2.6283019865741775,1.3234042647892073
-1.4871223326144332,1.8159992401213896
-2.9348761689452525,2.745585784906386
0.09506920705781317,1.7872968320277955
-0.5807912394180501,2.449332313526675
-0.09702141008182708,2.728988052630198
-1.9248464711727729,2.131860239788992
-2.8291899601823403,1.4115077761479518
-2.777283876498875,1.9580209237250257
-0.23119395770028223,1.5670296133085693
-2.9369522226133724,1.7282802592999105
0.11672614478607157,2.7124141712537675
-2.7424376239489403,2.9553630054106925
0.010440675269633604,1.7699329569007132
-2.758958246451703,1.3631514334884673
-2.7227440963435345,1.3232456160958825
-2.855415303448827,1.2850340649857461
-2.786787761007337,1.9470090061548226
-1.3367826699452294,2.216419297711251
-1.4978856932677131,2.7662105589246773
1.1039787946505046,2.64761573170153
-2.8272671899043895,1.8348613895406716
-2.8269627801994046,2.7371941213928803
-2.7820039100355705,1.8343932160585394
-3.0561135062995106,2.7916558497183224
0.133220105307365,2.208078426923691
0.35629072131562484,1.7235170124596246
-3.0752769265779767,1.8021975254552978
0.32310326786218313,2.880233742478984
-2.965493294474548,1.1561787722919985
0.4535141041376834,2.6564739045923047
-1.4773242528660784,2.112425379559695
-2.8696120855489498,1.393481952956943
-2.9363010360660766,2.8974790767938092
-1.2532058485180744,1.8535906885378224
-2.756624405336386,1.1778409943730213
-2.5666008351471423,1.8207338144059704
-2.6965245966751823,1.245208734126882
-1.411557248059082,2.5523381980458155
-2.7340119044542948,1.344745837094131
-0.21048306644806009,1.946709046445954
-2.864445131834976,1.7561404976332176
-2.844866390039737,2.879536714877327
-0.16789830576395803,1.783450526035941
0.0917236799152052,2.084876479295858
-2.7844114639204562,1.946682799615342
-1.7485805574318536,2.3134587320723576
-2.761587942000694,1.8507151705402198
-2.760620025186314,1.9067184629208929
-2.817075845625388,1.8346234940771848
-2.8158942863874397,1.8054306584703974
-2.9179111289375728,2.8987725815096796
0.47313157546887974,2.003881743437455
-2.866228056605091,2.8939159764449838
-1.20067111741074,1.9698714623484215
-2.709281036709071,2.732020926051972
-2.7203813478604317,2.8145024205943856
-2.799239390855378,1.2819354948481314
0.3614239492222138,2.2493252647168123
-0.17611164569557658,2.2474897399630005
-1.6302198197548707,2.0499543168135963
-2.6698926428668406,2.804407626158072
-2.963154957911542,2.673272583772088
-1.3736643995346973,2.3549118501765594
-2.7201459478446877,1.195598971475881
-2.907834612982002,2.7400874940181543
0.45854851346581754,2.3085865562944794
-1.5582483943566316,1.9522487378455722
-2.655370540355086,1.9011492373326953
-1.4782936456497398,1.851805315453524
-2.8108814043796304,1.6404831848139967
-2.7895672474742454,2.818737557024541
-2.877220163225943,2.6855194607516766
-2.773995356133189,1.387381710662162
-2.7460943374898283,1.2106811515074547
-2.931008357117671,2.73802283322476
-2.697051114828493,2.775909440593614
-1.2671777308360983,2.5050705499983765
-2.933873689484279,2.7713627657870368
-2.743169793694012,2.7173951918223684
-1.7529532837366721,2.1696853391600466
-2.986808166101596,2.687555321122149
0.012736725739445565,1.9015936365142543
-1.3929552500896873,2.438778648632182
-2.9629190072395275,1.8129912673366222
-2.931297267254278,1.8249347357134909
0.39545016635707425,2.444876000380437
-2.8092630914324532,1.3949744417859182
-1.5396162302210221,2.077293129050086
-2.784713989319612,2.7808927278218825
-1.1089885796710082,2.2120679875542413
0.8118318533572624,2.5677672773638642
-1.793339693761638,2.3102040107726434
0.08583859851807614,2.9633699133089584
-2.0818980785941665,2.3751839922496862
0.2088978954162242,2.128372562577603
-1.1935130950136807,1.9712064612794507
-2.770006130900823,1.9218743447933704
-2.669522493381954,2.728008436336198
-2.8263912905391892,2.928031536562045
-1.1500262532353858,2.3091828935525007
-2.8342487679697363,1.4024027508267056
-1.3402690322738717,2.3256728242843048
-2.6786472793352027,2.741380336773177
-1.4233582016042832,2.134791057394904
-1.7014199059844952,2.1962238894849553
-2.926085995607181,2.832751660242425
0.06811890212320859,2.0970504124644296
0.14704912097326114,2.176209463764448
-2.800721825668424,2.5527454007771855
-1.6014400077327997,2.1827411342554677
-2.7095793506978287,1.1781047359003591
-2.809550052632603,1.1947167152651514
-2.8870459206569135,1.3782136530987268
0.3887111036507127,1.8594001493099714
-2.742283024400144,1.3503241693014758
-2.7749402128251877,1.8089906451421183
-1.6911740617290538,1.752746563039011
-0.05721230694832319,2.12283730933368
-2.7172668724547098,2.6324467014103576
-2.917656434242129,1.701532811090243
-0.21605242551407822,2.3091111869676744
0.5496977896925117,1.8029071831773593
-1.5905843656619854,2.484949800630405
-1.283805987200671,2.7758339740429103
-2.8037990565100332,2.889599588156733
0.29087987064140536,2.749981832909204
-2.9084757919430158,1.7026399693893115
-2.792316620105111,1.6914116543620712
-0.0101718877891675,2.4137235733328524
-1.9560865630108573,2.6231138462026298
0.0906468775016881,1.9706159663935223
0.32545942727084787,2.140522687358202
-2.7221166824160354,1.2948917538047104
-2.67800398474343,1.7179146337075548
-2.7101714127282635,1.4469354502570277
-2.769123243650225,1.2692448802284313
-2.8595770900129347,1.2534856302604174
-2.113554758907394,2.4821253633760754
0.12585578433931216,2.4754018971023273
-2.843127642815381,1.8925877100193618
-2.7853421308873494,1.9038601755043985
-1.6482647427237316,2.716992274878401
-2.8000210773214262,2.761326295198438
-2.832622364205524,1.2578985068654702
-1.7990894103011292,2.3631273774806787
-2.8332608929162455,1.225552138964834
-1.767588032409744,2.401213607276285
-2.8648120346573847,2.7050640031743405
0.5974171559784434,2.8249047053998373
-2.5641954143783217,1.8109636766221733
0.4899927892817861,2.7303049841225815
-2.7866980176661165,1.7685997959196882
-1.2446115513197478,1.9962296928795433
0.1492363403957234,2.0923450795407095
-2.6986678478600883,1.7449471141526005
-2.8863672926903376,1.6296554469335904
-0.15401797543189633,2.185136840338415
0.4644616857602299,2.81185817373729
-2.9342121127901066,2.7333128490980783
-2.8772974301135843,1.8441853671420967
0.2937272220920395,2.270153550425782
-2.7503207275529458,1.2063942293441285
0.1199382948693136,1.9857154862201243
-3.0252020691785413,1.4244697320330637
0.09553094660866096,1.8696052242523553
-2.7075625668377956,1.8571988214295112
-2.889729977621561,1.6355957731034207
-2.8761492288232047,1.877225111195767
-1.8071453446240842,2.6246920311310906
-2.901466058276618,1.3287291200656948
-1.274499765280045,2.7635113734755494
-2.9924531919978365,2.910513335367263
0.8762102815201425,2.1136250517836666
-2.8321865604622856,1.9850663359866159
-2.874546138670935,1.8952484667289975
-2.700438564980594,1.6412838498191107
-2.7851135652611974,1.6504888289902622
-2.797534849054929,1.305217838439478
0.3945340788966809,2.072211091792601
-1.3728119666081788,2.3480372507145946
-1.6814684279090013,1.6814948791976696
-1.2921891120538622,2.4815255616972363
-1.268124101882234,2.0707393211012857
-2.8380195729666835,1.8204672111742353
-1.223725822860259,1.9423541808133304
-3.1260175485755366,1.1473853073866216
-2.8790974956396256,1.6070627970422373
-2.7314386931089176,2.7715673690193037
1.3444268762891034,2.0559639815626487
-2.8084209463016956,2.975111044418342
0.8638245103868314,2.005330331368093
-2.8062126777825878,1.2436840628283559
-0.09895575639642351,1.9869668425194342
-2.667096478764578,1.3193760956452498
-1.542624063563864,2.1408433121347263
-1.565531322799395,2.3577366955120764
0.22575103770481508,1.967695196239966
0.19139021223280772,2.821933931716071
-1.2727266196075384,2.1306273774371505
-2.540406088989788,2.6199567171942375
-2.7404859642063384,2.915952801903649
0.1801310948961489,2.5874227040719346
-1.451422413752505,2.3254944441413397
-2.792405194459701,1.2000378644878817
-2.8199468949488047,1.370438785422355
-2.8286975733020547,1.8828458100347585
-2.7279308490773424,1.2419969397322195
0.06592498324156362,2.597605294211248
-1.232881886265991,1.916379063070671
-1.6991753313822902,2.3115981056576067
-2.660060839286706,1.1962537597060299
0.05086943029509636,1.7680873568031694
-2.724692113285109,2.7196224455847116
-1.0478278381618558,2.152243745918938
-2.812594439377416,2.8206944907684353
-2.8492009680512913,1.260915557967355
-0.0279019297143559,1.7430170467491404
-2.8177219223365664,1.2647536051204167
0.961722549736789,2.1879571742074972
-2.7912693802692554,1.133827188427342
-2.8992279691168883,1.9430269762495362
-2.8949998510951325,1.843291931546995
-3.090781219097811,2.7389473552128276
-2.8297230253116115,1.9483098851699931
-2.678355217682246,2.898409765516929
-2.729029229118571,1.840100990497305
-2.768905661470415,2.834027849214462
-2.8985589701775605,1.2899175030098664
-0.24110309029462507,2.385365116481344
-2.8060975503729053,1.7245499718268484
-1.542613671449331,2.82207575186301
-2.7925120133997203,1.5157432588658992
0.9351177568792499,2.303370239986613
-1.6330485386421103,2.8587029775264154
0.9826081537515841,1.400147512358921
-2.841011576227173,1.3368384346111846
-1.488437281479885,2.9031206211370035
-2.7671733319293885,1.724951463682161
-2.70472478931919,1.309882181744845
-2.9474219403735824,1.6296936030231057
-2.843811538020314,1.4343634423292038
-2.5870772231301804,2.8749804571471884
-2.732173710015927,2.7655894668956846
0.5590848381016916,1.949869705454104
-2.9281157625181744,2.7701919406506836
0.03189347127705547,2.7105485323251064
-2.8438965743629927,1.4168109935191284
-1.4035361422060948,2.970172468630884
-2.7584490880428443,2.843757265934436
-2.6611541524527764,2.6850946055563574
-2.767175544669067,1.740891250451428
-2.8026008372500417,1.201925488138886
-0.07718776123668175,1.703389138640809
-2.6208138703048833,1.2425474622943784
0.08212324148553772,2.861599805150033
-2.78900423086212,1.9672349904510713
-2.731722647610452,1.8206078089768263
-2.8342028677530022,1.6682256843711556
0.8718077630405319,2.058995754022676
-2.912207932917155,2.69958059948386
-1.8617531984132483,2.4444067513964853
-1.481790589577048,2.6761247825535532
-2.863994363355117,2.776041967878968
-2.759509567633719,1.4666085934548916
-2.7123548171335696,1.255266371762163
-1.7307790227107973,2.307946324498427
-1.445642069914454,2.3699728808311575
-1.7845702848549354,2.3142702808721087
-2.6604431141736686,2.6956955552473745
-2.8022552654012394,1.281136410068257
-2.773015778212993,1.799317673800301
-2.86326338391582,2.8697058029150297
-1.010944864571132,2.350249811238467
-2.862939610231277,2.671132816242607
-2.674784870578642,1.9664304231975362
-1.6029456110545741,2.4801893025124966
-2.6301812120662076,1.300810371242845
-2.6746812577266312,1.7877532310254074
-2.719181868026249,2.615726674498313
0.046630750827394984,1.9440572555917002
-1.6609443922170126,2.5107563093182326
0.07655830454504875,1.9210609211266525
-1.466788053843558,1.9718823377771124
-2.7766038661989545,1.0422578219127212
-1.5329080243208635,2.438359147221704
-0.022049211702119292,2.7693054578167065
-1.5388164900516916,2.4699831944584085
-2.6709372049624793,2.629763195877361
0.3202721660091633,2.7877275535874513
-2.8346193229637016,1.257724006478929
-2.8527979179201646,1.3451488012081794
-2.827074325424675,1.5962550957451624
-2.7813476742846057,1.3979418046466123
-2.677088804587277,1.4247240937246564
-2.851605065289807,2.677246153947491
-2.8890951294921483,1.5691235418833842
-2.790241852111034,2.72294094746917
-2.726877651697084,1.9475804158620893
0.7452893554264242,2.3159719246683736
-2.6664016131368498,1.6221691015821658
-2.800342715330142,1.8418639946664255
-2.807238992792006,1.8195084373825936
-2.690315079385471,2.7577511442272673
-2.7156333560767525,1.8991753561856743
0.12908685307014062,2.3652900152350687
-2.669631759876867,1.831485672867846
-2.8484682332575155,1.8651298124135716
-2.8497417687047917,2.728293149075032
-1.2303213077448354,1.91554083646706
-3.044791936961719,1.7621869240508463
-2.9101497807956105,2.9730879139356188
0.08755683487463249,1.6855590815150099
-1.4748568274646734,2.136662119631616
-1.7022877243695935,1.947537273275438
-2.744759169571171,2.987800550745726
-1.9461270787030516,2.3227493974146562
-2.8207012523826243,1.3403274816957143
-2.7146180902326638,1.3162971927064129
-2.888038562630911,2.8419064711555375
-2.0276701557641874,2.1878300163119935
0.0225424677811826,2.231126685377616
-2.779415943811109,1.1221132475822522
-2.628057227315952,1.4821641166586572
-2.748271882938838,2.703305458315297
-2.9869103777882167,1.2460009155266363
-2.842326071007951,2.9798386159088195
-2.756831670652509,1.4602152144009493
0.8870920198640941,2.1167492828455963
0.03563183108331108,2.63796924573536
-2.9856039196723962,1.4311127096007357
0.6978567091871302,2.625568574225575
-2.935109161324855,1.2745106336690981
-2.7946994289223466,1.254993611320607
-2.7649711851043306,2.8287540919801595
-2.7862404703081927,2.833124548296334
-2.672207781897839,1.8643155381247047
-0.12683209873153894,2.3769230795275673
-2.728126227123471,2.9462863487836786
-1.3768498173545207,2.2516865600034657
-0.3659783275029281,2.041529077690874
-1.2000648601737058,2.0425481080583707
-2.749601454217926,1.638539130601374
-2.835866528678608,1.224107075898937
-1.276689797229202,1.8082129303251326
-2.818215539388508,1.8199908749512805
0.619758619737302,2.1334102725919926
-2.815590246342029,1.3799528642323744
-2.895661521312799,2.9686221089278964
-2.6467539319556264,1.1600515431872331
-1.5680679565040698,2.2074754248909447
-2.800630149359153,2.7328321273162763
-1.2345336139476675,2.027264525951195
-1.140946206362557,2.648966106354089
-2.949354155498917,1.8237420727841351
-0.24949297058162873,2.064095013567094
-2.683396538734714,1.7389163656308164
-0.03711584911849902,1.9533120941377415
-1.5602157756825688,2.170206695521933
-2.855176951860638,2.684200640086243
-2.690229473641562,2.7466725981663136
-2.940422801833463,1.3740441755562933
-1.9673107907482343,2.7430720899402607
-2.7175958736969457,1.1012673438697405
-2.738182697297485,2.898509982385705
-2.820284153791711,2.7357496571418345
-2.7006764586892835,1.2634687571065595
-0.5441835426866926,2.101869107742705
-2.64029573959755,2.875745608098702
-2.7387049924626097,1.9410106014560515
-2.8210006716826377,1.4041653912153755
-2.861983866444487,1.2558280462260436
-2.8723619669156526,1.1255774324007568
-2.1700142470897807,2.6582673675794215
0.3244043158535679,2.329257437525174
-1.371979688938873,1.9905082053233223
0.24662397589414747,1.5584776513969172
-0.002922915833688533,2.247504071734286
-1.4899070057019932,2.7855707658548186
0.2031660017394317,1.8809425225896743
0.19235744335197535,2.5513472145215133
-1.4529426814710298,2.353474898021202
-3.0002073582219144,1.2068666365164524
-1.6041934865554375,2.385646136327426
-2.7700961494219833,1.855259762802983
-1.2365591994282528,2.1896263208185314
-2.6722827269562752,1.7534375524764914
-2.8098618962631114,2.651024806901794
-1.5431652922247452,2.519213040760707
-2.449993090794401,1.72259707740775
-2.018995643615799,2.3967959130320216
-2.6930514169879856,2.772452177812728
-2.8746819540591697,1.5033608882393266
-2.8727083220115204,1.8592051227297888
-2.7926652129511003,2.9251456639742517
-2.59973882110157,1.8772451305647135
-2.815730753679029,2.8004834922986337
-1.719007755661576,2.265957545568462
-2.8753332067513746,2.832528708770863
-2.8950444911089916,2.885547738590376
-1.7783447130398615,2.203579518372706
-1.487768694885225,2.157069335116789
-0.9734387905858731,2.808349609997075
-2.9698015953251304,1.1177248626081768
-0.04043307132656654,1.9047259126940503
0.2434593485978921,2.8752958082935027
-2.7833175452466015,1.123470771224572
-2.835450831015158,1.7575021102195623
-2.854909548022486,2.7779068515770593
-2.777119077252419,1.346634215269015
-2.6658185508939694,1.3628639416204198
-1.8440312390964724,2.605106865576451
-1.1212835300327364,2.271988597177928
0.04514402268544476,3.1116288883044447
-1.078715808498767,2.167056919336791
0.3532487407030048,3.1990380211230796
-0.29988542808016655,1.7009646726290888
-1.9537191994362568,2.431241553589397
0.19322060179506634,2.5158953967768176
-1.6833692456605407,2.2840236821445967
-3.0206853540548577,1.3372066209145692
-2.755892075404896,2.6757810884294333
0.519875894797159,1.942799392018605
-2.7525631516312297,1.8816543817463895
-2.860974273277459,1.1383628064658338
-1.052871601623343,2.6000276685250405
-2.8004873370816434,1.8405692980368067
-2.7895296621783405,2.9109516229677186
-2.7816905814708535,2.9671107215629005
-0.7909860716416419,2.4913511331377296
-1.0915042260451195,2.8089351584013573
-2.6640966291023562,2.8294610327046397
-2.702223203790263,2.802170471607278
-2.811556029178114,1.4633462760514147
-2.8239955414500497,1.7903562511445281
-2.8377899924049963,1.296294018761891
-2.9062554870621105,3.043404196047293
0.43845622129931405,2.2783239255909815
-1.7778553098363707,2.784621089805926
-2.815586532744238,1.2621198660785715
-2.756502379251166,2.884086392790842
-2.647243875702987,1.8736690574437218
-2.9995991453659414,1.1439664423185616
-2.792496238270764,2.82305374431798
-2.6553438376799097,1.7718686670498018
-2.8016890076326115,1.8596071629661581
-2.8506773061358817,2.8349860326337026
-1.2231542101459865,2.08630863182425
-2.6254835852108687,1.2661538807816235
-2.6487536273111525,1.9207376669870069
-2.735039575311971,2.743426229306832
-2.810110793825659,1.6974925360406263
-2.6384430490176505,1.3176677761018587
-2.769232235940369,1.2757538438912672
0.5892372603120812,2.3388078262225056
-2.8308783521697785,1.7771076978683864
-1.919978403244616,2.483474331820898
0.3021712089794307,2.359718179794027
-1.5545070772710023,2.5918209508034935
-1.8706476204046885,2.2428259239258845
-2.961421390183023,1.7783968805854544
-2.7419284599072156,1.8015363490803902
-0.27176187347708236,2.628004767543029
0.20579557799051065,1.5825405032798483
-2.8727574722173523,1.8226807448850995
-1.243134387571755,2.299816046419024
-2.7974338845614906,1.2136360957029024
-2.725651547201353,2.723348790466285
-3.024105831753832,2.8484192809166164
-2.7392033122011648,1.7347093583735167
0.36832039150985707,2.60879097160094
0.21950806164625467,1.8869860246634431
-2.806994042373757,1.7131200008816134
-2.811751047178069,1.8411317420125342
0.6223793196658154,2.5263529954509623
0.3074193960462123,1.678126124367874
-2.8155975992213964,1.3106876065041049
-2.811830650191901,1.7458979804584058
-1.2469203027324394,2.1622522976574143
0.07581999735729313,2.4248215167610243
-2.708376203731683,1.7173790847548072
-2.857349003412868,2.7341527229647067
-2.71724245572894,2.716431492061059
-2.71708372369285,1.9026049557037152
-2.916060545984813,1.7420755716131504
-1.2668765971034484,2.6447508935483994
-2.715492505639539,2.88816917614085
0.557845242981321,2.563208348414677
0.19964384565682747,1.5981102774618314
-1.5969214481845977,2.2623448189120308
-2.956365109022572,2.7426282090146636
-2.742745626315355,2.7941160389347712
-1.621506974432013,1.9566356076062514
-2.900529442515943,1.4338930453294778
-2.6995606427285535,1.7184451033567116
-0.3739853864142217,2.500649649272416
-2.8412704934538926,1.7171721883895783
-2.7535932433913253,1.8688057818814263
-2.6626629878928396,1.2698428485968136
-2.7417987797887107,1.2572663524510024
-2.981247922991326,1.3070563307419107
-2.7304012945226983,2.870408946627279
-2.845941002778691,1.6698112699468004
-1.3636489101974443,2.2642837326785683
-2.9180951596587885,1.7036948591445429
-0.4833356812668224,1.5787605366081032
-0.2548547152660796,2.1732538187109296
-2.7459767565164577,1.2749006299151286
-2.631226585836764,1.3354926112060699
-1.2129449393653537,1.428280703658861
0.05533267493401342,2.6154018296467987
-2.8878473468320114,1.8015032526396095
-2.8653164753237723,2.877029624072193
-1.7167344725221685,1.910606875320139
-2.698390955606339,1.2670138602816152
0.036243349312211015,2.8302987684403687
-1.1176013500832918,2.249791239625961
0.13936595604202204,1.592505215510548
-1.5720460193414332,2.5124570103924126
-2.799752870778318,1.2571104048646147
-0.9534469131282398,1.8366241560599552
-2.819290924523007,1.93963670448947
-2.8379593253918176,2.7396075693329727
-2.9226917673391544,1.827120456620179
-3.011656843574145,2.6885523862978733
-2.785157565407433,1.7745066907725189
-2.895094177833139,1.7813248434141622
-2.730009190456831,2.9262390048960243
-0.3195319535833578,2.418777883749409
-0.14579599663429832,2.4497481398950303
-2.7896467425428413,1.3188316311477162
-1.108866505810706,2.563981596646991
-2.8243352055115682,1.9692151804746154
-2.782083839833882,1.8021731883350396
-2.74356852362527,1.8062018663445656
-2.671261365598521,2.7370570010947195
-2.8223681847563045,1.7680160092234996
-2.75134846254935,2.750742507037354
-2.782326099378396,2.7648794509653114
-2.853485900570176,2.8467778935337997
-2.630927290927358,2.8486245183726258
-2.851921353603249,1.276683924304972
-2.821947542984924,1.8937929255444874
-2.8937521575645264,2.8065118306286587
-2.8786227946037566,2.8102152904263957
-3.030509393014969,2.9903017506183494
-2.776116125934276,1.8803538950406655
-2.9994822040136464,1.2087784855500983
-0.42251505873947687,2.603490080221794
-2.731120190195527,1.8030250936772414
-2.746084563419108,1.4548817372819192
-2.7638484132417327,1.4103385931782557
-2.720393234060824,2.7278520548168967
-2.663985692322237,1.8968363356092135
0.08011550506886903,2.818754077090669
-2.624589011039494,1.3034483210627228
-2.714147585177328,1.2193952933020245
-2.7742210037662316,1.9287539872418524
-1.5443610443058287,2.2806505489518987
-2.837199449478531,1.4542886664963992
-0.32969335223604473,2.8757296410518345
-0.4352993825561577,2.403189134017143
-2.947018537464659,1.7208550015221329
-0.2816879382398931,2.8847902508854095
-2.8313517443487655,2.6939468493574155
-2.859533562747907,2.6779841197883316
-2.7664426704390186,1.4995084354885668
-2.8425296972380347,2.7952610348985494
-1.3259250990062084,2.040678875525723
-0.4565731880954477,2.768400397333629
-1.4516023617831506,2.3221858179038275
-2.8006045855089425,2.0183761913199136
-2.78116103410318,1.170616754611549
-2.766293707889927,1.8996611145159863
-2.907576020731664,2.819584229337787
-2.669060183631702,1.854997421378385
-2.856271057661011,1.4363400572619456
-2.8858544820745986,1.6873529432886745
-2.767720943440598,1.8232420796921236
-2.856406466586643,2.8471168057078744
-1.2288648787335892,2.2345921156108566
-1.6701051459018816,2.013689074707096
-2.829978165604358,1.7574403015999525
-0.2934095774910252,2.3731602806459065
-2.8772170451677845,1.357778858285154
-1.507179411851378,2.545705331272357
-2.6125302976747182,1.4281941785212497
0.09589443092924979,2.3925839153570014
-2.828832262856227,1.301935254087931
-2.8500034619136736,2.479403150419235
-2.8799443041708517,1.284516092348863
-1.483485979793468,2.2407122359784726
1.0727838268794778,1.9679491372198845
0.23828438782660247,2.2039840887909286
-2.7879925555357956,1.782295578568099
-2.9143122276026787,1.1116315664878615
0.23165597410855257,2.8186304245564835
-2.638335702820317,1.8685889188572027
0.029262363714783912,2.6142207926152428
-2.9392631669650666,2.843759364498695
-1.9729591642777247,2.089420484001494
-2.748995276632084,1.3959975448650537
-1.5960834535871657,2.218502836900068
-2.8893915768160143,2.908723060407169
-0.07480369735610803,1.760675015936029
0.2754600903903379,2.817374721634184
-0.34138702156283646,1.922931057342938
-2.0776100055938618,2.403836409591626
-1.667759127569456,2.0988644034040833
0.013782731734227283,2.5290291709183292
0.2762870040250391,2.1912063798619057
-2.7824872516604593,1.320823082815928
-3.000571675629452,1.8724452459709162
-2.7513375945851313,1.4618893413785925
-2.7673010549605594,2.735545931820835
-2.843523616941757,2.6659304803294703
-1.9817991372723125,2.007086854374892
-1.3652391653259999,2.617207257994741
-2.93647676171402,1.2455947981052573
-2.7139580598134114,2.8617215067125046
-0.003965112957929978,2.9271463252380103
-2.7876134012079317,1.2796560263250085
-2.886186765536208,1.4873755874499457
-2.791262814150315,2.7021208133144237
0.5705207191771863,2.2803990824645677
-1.6758810977325074,2.3099086221489618
-2.963021037873496,2.7933726821487377
-2.8854914296558754,1.8099867966781717
-2.8321326579941966,2.092430805399032
0.09667346670495558,2.755191624037625
-1.9470221363423454,2.3848867578729376
-2.8520872201444867,1.2820445069058668
-0.1505289714051205,1.5882765143243374
-2.731029748940049,1.4210749731103591
-2.8404157138377237,1.939035386738092
-1.5176271952786597,1.9359640655049737
-2.8358608905709044,2.809191482333427
0.12245747321830759,2.57891764391183
-2.7558959422361338,1.8773125691451762
-2.7506592608411897,2.7980625157023633
-2.8421280149906223,1.3381532619337881
-1.8770551817331844,2.336866934738299
-2.688094165956782,1.1709758703811017
0.30713179153832854,1.641163862199765
0.24879944929351883,3.0116104924897744
-0.9231327310306235,2.333613332858646
-2.691013299180782,2.767405303824261
-2.8229043718451794,1.8965083579665556
-0.17172952604249542,2.4647187324463915
-2.83480946499855,2.7804131725861745
-1.8902153636604786,2.3334881195032118
-2.8937867579026193,1.8722961830331248
-2.7821943838627248,1.3105610645663242
-1.6780955367145656,1.9393123906552296
-2.828896352050954,2.684531040034049
-2.866689815458057,2.879450131056344
-3.00533814823539,1.151423995589932
-2.907779915214889,1.2520985834202805
-2.8888174288566346,2.6226280910994677
-2.599448430931999,1.32724071419477
-2.747964836641935,1.3277852224815998
-2.891203592580547,2.7478749790745436
-2.855737081305279,1.373326718827798
-2.72030646318059,1.3610216881315014
-2.952411090901069,2.967152089845543
-2.798636873948739,1.185785685348209
-1.474518661562981,2.8581774415078476
-2.742555974335973,1.3450133084616036
-2.751052590829739,2.728561468840531
0.14688498590448018,1.5400554722870607
-2.8229614756537535,1.7490934501831636
-2.8233387519138176,2.6629611582017096
-2.762187896775327,1.154924542400801
-2.856039475935187,1.8696739113272722
-1.684488061088557,2.040507530710486
-1.8703094760971384,2.2053716086129995
-2.765169229159206,1.1973792904541045
-2.790406896029143,1.3419559181358438
-2.8930670503814024,1.21465082718876
-0.05639022301591967,2.5727439280366604
-2.827679118220092,1.926157458259422
-1.3723197341799762,1.971235240489405
0.07992250527993479,1.8280071626167178
-3.0137792567785486,1.6732746411151274
-1.512553448462189,2.4483922029258753
-1.2651768052490038,2.5260389135203223
-0.8771903644096137,2.234122146542488
-0.5075086800318762,2.210819937421799
-2.8594810229152166,1.362685851368079
-0.5658160975950446,2.3433076843383165
-1.636657056304928,1.9014672265218768
-2.8725725245749256,2.8599769307318916
-1.0327010580253269,2.4872467543633934
-0.04602341768088675,2.605878442017787
-2.927135340176248,3.013594277217255
-2.8038473539098834,1.824125456938994
0.7253035796037328,2.3706757394145845
-0.47335873745523543,2.706005974184356
-2.9047289173923145,1.264838065457985
-2.6828766639855197,2.8098162489004106
-2.799119249542804,1.3822737333060007
-1.6561843212734197,2.5002752242965736
-2.8171039381306016,1.3666018854858137
-1.3221960864889326,3.0055601901529463
-0.9317591689443965,1.7874111091518012
-1.5959872034599334,1.9036306230635796
-3.0029629714237362,1.5823257801348702
-2.633873577124685,1.8045111624400132
-2.725779714585642,1.2314653689801769
-2.5541184107398154,1.9025383999993288
-2.588631725030865,2.822808314510436
-2.861686267300991,1.4000275816620007
-2.774057293257702,2.8372167795590744
0.650714785176645,2.8689067169674587
-1.4556240921470298,2.4670711215466627
-2.7686619468346727,1.8689148974044443
-2.8244699329489107,2.8176465448094405
-2.7210204654979093,1.2815745203707063
-2.792606589267822,1.201413640326621
-1.6172877233187133,2.1980478752904435
1.0493894435136666,2.364095179223453
-2.991125451814948,1.955032151824094
-2.820025782628353,1.2664376861356617
-2.7942810453415516,2.8467724889697505
0.4490517377491925,2.239440627554321
-1.5195012233933056,1.9439429775010864
0.34257145178529036,2.2938843425258253
-1.3104093109320445,2.2033850852339394
-2.9821612421491803,1.7057707547779517
-2.884513340569994,2.988466497155596
-1.719354905062508,2.1042021031398495
-2.941885044112686,2.727558032044755
-2.9950989291179115,1.3114252027903643
-0.0729489402522302,2.1490323852895616
-2.777401730245611,1.6729085828557757
-2.649727629650768,1.21979998543324
-1.7187401065760048,2.3319827637858546
0.5362932968574143,2.22800543949906
0.7101446938663551,2.3077445309997024
0.16967445347763288,2.6125207244201967
-1.5932396876331034,1.8941167536149952
0.10290036853098136,1.7187034350036834
-0.5470306941006857,2.4352203812074706
-1.2624217836895728,2.827529705364813
-2.8971222460241095,2.8916131284594084
0.027563537583544073,2.0427960673992147
-2.8053620832438804,2.838057489718634
-2.883585246992215,1.9464869358480463
-1.7724767557509526,2.0284275295725696
-2.8594289066239202,2.701461529067304
-2.6906298001793623,2.850618605678921
-2.7131371118348566,1.1699778107306056
-1.4304669917091213,1.8148932211808138
-0.38447161864730367,2.7681846101376673
-2.8687139754630744,1.886297006686393
-2.8536067889980252,1.747052596434376
-2.76286647111447,2.758731779168148
-2.630290820978673,1.3319195351790174
-1.5456837203686038,2.790425069066677
-1.4209763810084413,2.268566334964212
0.42657795196335,2.4351720833696135
-2.9447512394183772,2.7431993886698907
-0.3873633688382266,2.2947505026422834
-1.2899797909013795,2.8845837647025627
-2.912026134609675,1.577569694481533
-2.9840205249993206,2.869626727051971
0.4279893393817716,2.4396433896968888
-2.8237220146403668,1.8355865217389948
-2.8277903221935325,1.8556987932890754
-2.8607820851470382,1.8140457844666398
-2.8932723682247548,1.2397981811383059
-2.902601950845961,1.4737704204905089
0.19480221141695306,2.857200051998601
-2.6551314129828323,1.7409157322063684
-1.847784589404868,1.7496590780604762
-2.7928368985384373,2.84345994320579
-2.88771531811192,2.8808496894914337
-2.898002966704091,2.852455945431848
0.44185251355338684,2.674404680092444
-1.5001264635282174,2.005754280250843
-2.7071521648703945,2.719131741947294
-2.7387856883251467,1.839228459118284
-2.8123678242322305,2.7313815657275122
-1.2674328832492248,2.0680775133121085
-2.9278958850323833,1.129547870064512
-0.14563724166979147,2.054208334607897
-2.8280599963764432,1.2842852182758662
0.4021197496787007,2.195457433923341
0.008632848078173688,2.4541546151578597
-2.8717231891607677,1.5848404204342164
0.36620104571920425,1.9305821373147127
-2.6778927958422263,2.9650322065549966
-1.2013505733212866,2.1490913560770526
0.16461333275528198,1.804301185411648
-3.0604634362521455,1.1547872911050325
-1.1721356791719078,2.90987674361545
-2.670695115893352,2.6908768848370297
0.535168733264534,1.8301127894506348
-1.1381337436033876,2.489204168545124
-1.6105082108000108,2.1557905442962397
-2.919201103683945,1.1588186566608487
-2.627971106809239,2.814225991866033
-2.666184810488835,3.035497742651544
-2.902743464305979,2.8663756420303295
-1.9477470892196207,2.032949708349902
-2.8402049608903956,2.8433210892644873
-1.4232553280440305,2.718754079885582
-2.8762504044028545,2.878789918123103
0.36841878598107713,1.9034950966376083
0.1568049314682484,2.010453687579315
-2.805087141178909,2.5944562284859893
0.28944327376189966,2.6537110524356846
-2.738387762939331,1.7179027594843583
-1.875123587313063,2.004246255974913
-2.710891879612586,2.878977512041276
-2.7244923898380966,2.7739297746231966
0.8447779235623198,2.34076188086769
-1.804004104639859,2.5215431022181867
-1.9181329739478508,2.3606172349304027
-2.608291490402266,2.722571540352631
-1.5632831553937072,1.7729872642128341
-1.2630767892387653,1.8544541533965087
-1.70581046072226,2.1829051684590515
-2.866006240185589,2.7209641596522056
-0.06588622939348937,1.7464814793982772
-1.3750777395019527,2.1744854544730745
-2.729057497455902,1.38035182096245
-0.012341500769855657,1.851215044717768
-2.6526676568330996,1.272171699649451
-3.005348407386554,1.7708623770080465
-2.822522159224104,2.825653352564229
-1.7192999609188073,2.059935366065426
-2.7719542959558785,1.4437992348290707
-2.7617650082190277,2.858788431216967
-2.831130288221583,1.7008945410323766
-2.022185898368426,2.448464291731269
-2.7314558751136055,1.7875029280050645
-2.853065493006293,2.776375736995733
-2.919177081277244,1.2262974412080707
-1.4578303628365203,2.249287382603084
-2.651772923090494,1.2625969973379902
-2.8721820598062457,2.8587260917907997
-2.9489321949537026,1.9330311288188764
-2.9057552324152636,1.7150972443366153
-2.7895041485586805,2.531812634073823
-2.920290717504293,1.7967283050843144
-0.8082873142013351,2.0992714767229583
-1.4009211081815658,2.081295540769365
-1.6210746645631584,2.492777229078079
0.4182418480267471,2.347319647073899
0.3911702782636828,2.1745461845461813
-1.397735793065642,2.3884103475296086
-2.6930656720792063,1.8062694139776083
-2.8673728640350786,1.3581951762841202
-1.909807554790257,2.941142695554947
-1.2065770411291852,2.3107612194819565
-2.8256920551462295,1.778952107150833
-2.8844742503166634,1.7456277963092892
-2.926705455769804,1.3009248941810985
-2.7895252840969267,1.7622147501762249
-2.773882925040568,1.1564809402606444
-2.7754205701286785,1.8062441880037685
-2.701997550257241,2.7838848405677106
-2.709323432895099,2.888226549624654
-1.8576217229678909,2.6857608356890426
-2.8679676352917878,2.8712878813018414
-2.649876816993314,2.754233945313617
-1.1594047733776942,2.326055380495339
-1.612401772526269,2.4943663685013164
-2.7997012236285532,1.8654613124071964
-0.05924211715694405,2.9990308957394576
-2.7678693040859907,2.6409620463598493
-2.790127549234445,1.1197406165157737
-1.5761331797712588,2.095537052081709
-0.6257659212484703,2.035136264133276
-2.8873748610966556,1.8393966738026402
-2.7091637711666743,1.3266423262338358
0.8602798764745903,2.361734214182543
-0.1509005108201002,2.563421695189553
-2.7988708511648337,2.9452056181128636
0.1582503808239751,2.304731407832924
-2.7694677232069127,1.6940004497947787
-2.8537565563845324,1.8311115090117902
-2.7131084010668522,1.40016591349598
-1.6538730037234965,2.5372396052313393
-0.17753135310566914,1.7959239515797574
-2.761582851360202,2.8566263818367146
-2.738866709600086,1.4017373958606436
0.6554226457327356,2.2347006423260702
-0.6210542033101376,3.125518220425139
0.005529109973722468,2.391791904218391
-1.6166562695174225,2.0678756459605054
0.35046407936111984,2.1013412347305946
0.0514751349565066,2.054590566417422
-1.1233918320154292,1.9861781201762094
-1.3579303297520864,2.5657640572722755
-2.9453592930897825,1.097499588406905
-1.5397970814004731,2.489472077862497
-2.7801726093550196,1.878562154803952
-2.832765534253409,1.3458393480445052
0.12204739887668377,2.536954097040583
-2.7553499483380177,1.8202288264402655
0.9130517038564221,1.874246676166432
0.0438454074553746,1.9616309451488767
-0.2974070055424063,2.0940291109185156
-1.3713827854778249,2.537636096232815
-1.3069163655835063,2.505294492942367
-2.736688868849841,2.872844733769222
-2.7448163274199007,1.1951349838547134
-2.7371756833988,1.239672394620634
-0.09421913684101768,2.0834957710623194
-2.8498036088463543,1.828456276505147
0.705777200242111,2.4206178972269465
-0.2537288151601422,1.8784623419543598
0.4945511866593865,1.830833374287932
-2.8897981707025266,2.9261993009322196
-2.740090816934627,2.9670138900032588
-1.3209471282461551,1.7597932620719756
-0.06945807495042955,2.27765301997997
-2.5279508932580548,1.3352717728057693
-1.2719206847981102,2.5374070238501165
-0.34794388759167777,2.592461754170956
-2.9103021588152904,1.2335005963329757
-2.604291190363938,1.2650801841510668
-2.759478944678935,2.708798736660565
-1.8651957757856386,2.0762976440446437
-2.828617425615394,1.7540278101172777
-0.37086990411886417,2.589549294079786
-1.7782848040465524,2.956255227782056
-2.6994337006544593,1.7477581700653633
0.4732914878888787,2.132026027363881
-2.6695151476693093,2.8259396267393906
-2.7767575699050027,1.4335830287874716
-2.590971787470144,1.3156091271596386
-1.5925361662309674,2.7891555068849714
-2.1983651388687706,2.3940977171142404
-1.9817781223194708,1.9423695365425668
-2.5471966774499664,1.808370993830974
-2.764613050937519,2.6717086508059684
-2.769748321554777,1.0700258564613296
0.32004556229231745,2.6243073143150073
-3.002986579375576,1.8516492109034028
0.6014220284718181,2.523262401182326
-1.0813320075230508,1.6976356717491226
-2.7085193526131404,2.8046763585418932
-2.8279819455798796,1.8260388865570825
-1.1589688209789406,2.398213585324547
-0.16345034658935437,1.836325171974442
-2.9347148920586634,1.3486974862113899
-1.0985136467489178,2.5694480883941195
-3.0683631296809564,1.2342256808205352
0.16031630788287826,2.2457421845779257
-2.754038717359571,2.8237369637515375
0.1902990724620243,2.7323895120779524
-2.80423747565702,2.8336613197125664
-2.8533549021957825,1.3739085628630696
-1.1478567691702906,1.5697732786478769
-2.698425930139597,2.6656949713871976
-2.6277021868713097,2.848226885917387
-2.8857888886324012,1.3446800694977559
-2.788281880592597,1.1037453210495929
-2.7659248564390015,2.5877704210089196
-2.917025415644604,1.8795612488607807
-2.840674484854622,1.8572529394746922
-2.9577866989338752,1.7235954564803015
-2.7184689275379648,2.77590385209826
-2.7638310129054253,2.6441988621853887
-2.783141676535095,2.610888884906477
0.5755407075834691,2.3588263452406366
0.07063535054239822,2.3617379945710257
-2.8854907103695817,1.7555440869222798
-2.8292938818350106,1.8734006362808906
-1.471114196073676,2.1603394003918033
-1.5021591625191455,2.1977470759481808
-2.7004223863891386,1.7527641862547043
-0.20159119682347953,2.8914690703130512
-2.6858129591851743,2.866941315326707
-1.4356752759945972,2.1301667771022412
-3.035112390497629,2.63212670725075
-2.8920364543339026,1.3213172055593474
-2.8150995570346775,1.3003066718475684
-2.8372298605368673,2.7464442436003753
0.6202722298713703,2.6468115742240146
-2.977255708708878,2.835393906517014
-0.035101753579917266,1.451060211186923
-1.3977627829038466,2.44572447990219
-2.799014080492402,1.2061173441034667
-2.9026711780141605,2.6154445044675594
-2.684527941283128,1.7726324744989597
-2.796077156572116,1.396783836390367
0.4526874269320911,2.36908468038823
-2.822762739867462,1.2642460763132217
-2.5070625506280995,1.9136893454722994
-2.698535518813153,2.8523891145515554
-1.6103195154680625,2.136958618063508
-2.926554122127825,1.2714912503289402
0.6581263673878532,2.161118327010391
-0.37713265413376984,2.3788485054112116
-1.3809338241427211,2.248087825949328
-2.9005490375009306,1.0733559567902777
-2.5636207344779742,2.02732449847705
-2.8561346673535404,2.847906799038127
-2.7900607025352038,1.2373581444555755
-2.7827522475441167,1.4555956656217763
-2.8598676221420365,1.1662593402016201
-2.9246790112042764,2.7506728917915857
-2.896306353307442,1.4385587714429469
-1.2690110630128322,2.8651022304525213
-2.757496230568866,1.6927549944495948
-2.9237122440140655,2.7954453719029964
-3.0991396020429516,1.7762732663284286
-2.8408507365312268,1.6959239662310799
-2.844376633637016,1.2257802870975678
-2.8552337073693823,1.2113198341760218
-2.8271535873786173,1.5985690052467647
0.9648075449327762,2.394920738654877
-2.7730346041367393,2.7266286394317505
0.30978396950398546,1.6893901872520636
-2.858446028760445,2.8480303874415567
-1.4061163244930652,2.6282773636612995
-2.6520920400359587,1.437591083061479
0.39018382192584616,2.070690299380192
0.39980109939637243,2.0104461253617343
-2.9880290640299103,1.8127892100403598
-1.6136455173539703,2.0984446816562596
-1.1680792983002912,2.5210068763487787
-1.6156476001926146,2.283455579806019
0.1548492403404946,1.9297021834930823
-2.796940839866558,1.1745799536780483
-0.597799502954571,3.073836780014922
-2.9534889623370466,1.2676133562126737
0.8434528061641735,2.2791265498646975
-2.689264418499311,1.2489556016195613
-2.6599071004832537,2.879228019541334
-2.7322744350615342,1.7421771938459927
-1.0689841133016476,2.2813778013764585
-2.7187894810334083,1.9743633698276364
-2.8659393496971606,2.6766234922494303
-3.0182202204569992,1.6311114937971394
-2.8283414842607066,1.8460014180777156
-1.475812552177511,2.155984098512343
-2.8946131450909482,2.8251099494499954
-2.597883848166032,1.3559484919762186
-2.9285873449296878,1.2806166495923523
-1.1188159035624508,2.064694124084915
-2.898140923544337,2.824614680252142
-2.6487812982249244,1.8370721895301678
-2.099699252882637,1.8335842138927896
-1.383069905277519,2.40144361167305
-1.1066034346060598,2.7462663467511654
-0.027487957835614113,2.2436596788463974
-2.8300656027514997,1.2529973934761047
-2.780562773817917,2.8344959760211035
-1.5806383141156246,2.3073028221113328
-2.966193402173251,1.76957826516081
-2.9013536544167895,1.400269759846962
0.6070632022653972,2.5401994063678197
0.23179868822799782,2.5093686236278523
-2.821774138767426,1.1571282874053703
-1.8234689088279277,2.224608682582486
0.6367755208979293,2.9857520987476365
-2.822185518987534,1.1234642737278682
-1.1763675918079208,2.3610778240953967
-2.690155526088878,1.9206773784654332
-1.6404526724303485,2.4016714843205365
-1.3508844872177537,2.41294787953813
-2.7887878266079174,2.681403901803394
-2.7715244429013137,3.141572934756024
-2.7499201869551504,2.7704115208709665
-2.8246915656786373,1.894608470522384
-2.7695153350838515,1.9880934767135687
0.7128370500070889,1.9195238167649076
-1.7175740852188393,2.128342630198229
-2.8420966325236185,1.3130196744394396
-2.7255814463673027,1.3951335857764653
-2.8349769575149515,2.788117706283408
-2.922199154615543,1.6738067227850197
-1.965747376312647,1.946112249435167
0.5093178700497827,2.001551231309622
-2.7527525544770457,2.9363046371125816
-2.6518266490531976,1.7885742570405059
-1.037802923990583,1.5969323205644554
-2.706937383451986,2.741589253139693
-2.6659263353121276,2.9232774434113025
-2.0883803611215894,2.036661468272338
-1.568009381780438,2.3694278235603474
-2.747648597135221,1.1995909061110157
-2.7542573856901256,2.817297042981355
-2.821551699167568,1.659118208036373
-2.8670524250018286,1.9095401969503956
0.12285781586008784,1.5887948588165963
-1.3110186302521796,2.586318585609509
-1.4529426734328563,1.9269882090552939
0.38524315367967155,1.8293443640454043
-2.642502509279709,1.390098551770494
-2.6917016281886554,2.911404765058951
-2.769372760584678,2.789348574832571
-2.9767114271931097,1.4194422999744036
-2.755541405176702,1.8195669764769566
0.729590419356902,2.104872269199167
-2.7764186540979736,2.9185625190771254
-1.565906817293734,1.3233454289433921
-2.6425348837757427,1.7415278175622089
-2.553227914170848,1.7278527717573557
-2.8537845694104553,1.8708862248682143
-0.10068777784975802,2.454320325081058
-2.5966684477695505,1.8117064681523876
-0.07031020032926766,1.890771769359361
-3.0056780699418244,1.4091743448587435
-2.768967380421007,2.8604054698070147
-2.8063419406481196,1.6682068275045774
-3.0136979368478674,1.7588967151964554
-1.0975585847225664,2.1102307624657866
0.4235777462979589,2.568400422168606
-2.807933828344436,1.2924850253934617
0.35661827740103225,1.7227513371996244
-0.32650425763384655,1.4941410001578666
0.2018932398215406,2.161945965900043
-2.1214799793282957,2.8007992338645185
0.12158907507681382,2.063692072454745
0.3327896861953993,2.5940106337509437
-3.153436265073339,1.1537347535809914
-2.792981323386569,2.770238247498168
-2.7187378767286954,2.8476267726371254
-0.982606231131463,2.614259497139638
-2.7086508668929725,1.3447042260244544
-2.7381202210277205,2.8361172673247035
-0.5477120956010049,1.5876739795462689
-0.22835700319794822,1.9751165674273041
0.377818614581467,2.227580649036122
-1.7896471613257408,2.3045070006841013
-2.8665678847218836,1.2710148120965292
-2.6572378961657126,1.2069280771588151
-2.723718100808808,1.959169183212879
-2.6653820136073243,1.4154889420604821
-1.5749722807311168,2.2704997758069094
-2.8834074256432087,1.2087167046315361
-1.2050145621181587,2.5141709511401027
-1.2931502016954,1.956476585984508
-2.7005429767698983,1.240021782599313
-2.7436539160302957,2.878324675559649
-2.8131972739678313,2.9558193982252483
-1.1796748931879308,2.626350273259548
-1.6001946908345968,1.8558788111986504
-1.1900657463282887,2.466079405484615
-1.1671468875704707,2.3917025003141834
-1.250247581816422,2.601123941298599
-2.889418696047362,1.8970272413241194
-0.03450747923473299,2.3730724546320525
-2.6716993073358095,1.255051948594583
-2.8621795457809074,2.7176498934136877
0.36879849633446427,3.1388504034705607
0.23866983326571856,1.9655310519808538
-2.739327364091729,2.758070369669885
-2.6856843095357297,1.8838191044966013
-2.743149121331368,2.823657872699637
-2.5982884602914336,2.7263662719773434
-2.966986864263028,1.8468013272694384
-1.7099796892393477,2.7589985147350826
-2.8127623697741053,2.877367083348488
-2.8329376825176524,1.6364863031692112
-2.911747684380579,2.674331245231741
-2.6770715727430314,2.7757745649879726
-2.713839646951549,1.358910914674621
-1.6112657331536553,2.3485433915326057
-1.1621779472478684,2.3511472444551695
-2.8370857203511597,1.4550430977126407
-2.6830928375118566,1.7140368850655552
-2.719916381271694,2.714742210393158
-2.842750011332186,2.8277391395028
-1.0427465365920376,2.495684568814677
-1.3141838679807987,2.567677821623211
-1.2718551683879202,1.9366677224725033
-2.8834457947842447,1.8227851545734761
-2.7724834599321335,2.756024090126327
-0.24606706324841054,2.1584675304354546
-2.7216845143843673,1.7689965678932453
-2.6976571723657337,1.8040531165477276
-2.8088521723775726,1.8222470532135886
-2.9059024815446444,1.587741842874777
-2.5962858238843376,2.7362419017308595
-2.8784798498887083,1.3959610288966762
0.8615798134399197,2.532783718727852
0.8398529719721286,2.2002061996275635
-2.7058652444892024,1.8128268933958593
-2.7898866721530124,2.0293518759882003
-2.7640773589802623,2.8479213683424183
0.2927428788679145,2.6704571551615106
-2.7854311664783293,1.8355509815498048
0.9440222688908582,1.7010905430573617
-2.7164975300252556,1.7991252213572422
-2.839762562367124,0.9584338434660937
-2.852631372092176,1.2049178157262903
-2.994147696876629,2.7760847003684326
-2.865390486063858,1.3380395504817562
-2.8187986455469662,1.2619607618150819
-2.8879486396738616,1.6870247764264799
-1.8793137420197055,3.0783936238386653
-1.6102192084940545,2.43504529359172
-2.9203745464781212,1.3138882091186235
-2.6269924365132558,2.7040882059271145
-1.6213313007638543,2.4585859055645027
0.30645675990629856,2.3957063466881965
-3.069915011204636,1.469552610526797
-2.8417853128037573,2.0472351833112135
-0.14226951375261399,2.4992798177368174
-2.9752051487276376,1.357718080128671
-0.03576547134529684,2.551263839294162
-1.6621543088286903,2.164602675168582
-2.9047170672490963,1.8116079870244406
0.21312806547143376,2.4630065131986028
-2.7165554925325694,2.7423218006408856
-2.7337566674728553,2.804961988924079
-2.581239305357367,1.8502786891398337
-2.8129281973111104,2.7804248095307553
0.5783395398598334,1.7222288270309787
-0.09018800703478808,1.675201661886002
0.4343139370736847,1.6613768746927446
-2.766705475401447,2.6786899317242594
-2.9014000368973294,1.3365037332175913
-2.972676514358686,1.6537878108392718
-2.7063981721759567,2.7377763319969444
-2.8703296792800286,2.7692019655411837
-2.6846348535920406,2.5335655985383587
-1.25013714520479,2.6489667507843695
-2.671385285631675,2.8972662636417583
0.41195779660285736,2.4022818536088
-0.3902450629283984,2.612594089493164
-2.056198459593522,2.6394175687866035
-2.854706194899275,1.2050285488012609
-2.8014481069055925,2.6312289678445735
-2.557070014963903,2.826429016281674
-1.3416625086079097,1.6748641818001935
-2.8931982408681574,1.3364351706378863
0.7349280111750018,2.0183691294972874
-2.9662430876324124,1.6742769464546854
-2.8690767510775137,1.6788942856565325
-1.3651116564374122,2.4738971963790437
-2.8136489721127793,1.3616592922895188
-2.806957756995028,1.6412035930631097
0.4506516791321886,2.702139352050893
-2.841497886911176,1.7359920899952737
-1.6861363499689168,2.2824799114977634
-1.2926489594585846,2.340948173564653
-2.781388413007351,1.249898225359714
-2.918932774224785,1.7487721026156193
-1.7052987570307883,2.2369607995702325
-2.804771766801778,2.8353700638527415
-1.4340372637059764,2.4267996300597945
-0.10480986702052247,2.42172286797155
-2.8686097590722133,1.7960428501243548
0.22136985675975857,1.959906421084047
-2.875174215592442,1.6850615153106892
-2.725000419667242,2.8081054359223017
-2.6698083165208164,1.9677147639180987
-2.8490827279267514,1.275620474135291
-2.905207013591036,1.8479206766967897
-2.714611440333097,2.763117817883901
-1.542640649357728,2.167025422383692
-2.719665780085828,1.8954373702836502
-1.0246845199980799,2.7270185501433066
-2.7312667025418573,2.855005977833162
-2.825803523717705,1.3395961771314222
-2.8770230973159694,1.6626511255580962
-2.686624799032742,1.369925537337029
-2.8904950645985084,1.3942376613808984
-2.5814547846031917,1.4125379401187024
-2.5543158783235236,1.3304704994851047
-2.8009958537301367,1.4447803958223981
-2.730525434185955,2.8718564917978746
-2.8214202577278686,1.8612161163982996
-2.764459557596955,2.799231116140275
-2.752408071338612,1.7836386127742312
-0.376617486655386,1.7625485740438132
-2.0564048609371914,2.921026270396756
-2.9243639717407923,1.2674356624633882
-2.677395255646116,1.3447911507740324
-2.7297809346581654,1.8207641154704075
-2.877846155406305,1.802849820239114
-0.07863640626344137,2.533188121314382
-2.8664926563088278,2.0148281323251602
-2.6525851170369,1.3286351938926257
-2.7763384738390626,1.2864455288692564
-2.7967570548748313,2.8454570338705945
-2.6974255285993816,1.233816322796768
-1.3328470404679655,2.153463028842679
-2.850560879268545,1.2498119934148453
-2.847009113488708,1.3951229593499217
0.15645852726160095,2.509804733063697
-2.837151896401179,1.909077071019313
-2.7953676756802732,1.2132419960040322
-2.841559991797398,1.283405116304178
-2.7397401288542755,1.2404866303973838
0.6486227589302858,2.0288562580723397
-2.9073864753324132,1.3993858668935997
-2.8974568579714632,1.7517980474991444
-2.893649455261867,2.82082633732278
-0.32985653423249245,2.5660814739830844
-2.7443253840938757,1.7791450541732547
-2.738116150221791,2.7879910781819874
-0.37268164584771607,2.4735637785357523
-2.8021826025473002,1.5393899741017798
-2.729394201616858,1.8347875366965474
-2.7691262114266824,1.9778339865655563
-2.838430944231787,1.2640135398419403
-2.8098474025733653,2.736289372305321
1.2554155208001991,3.0928741321938196
-2.8140361313463536,1.3396129740555482
-2.84048050782526,1.8022433183524222
-2.8217855464947506,2.8066178380207467
-2.7733949094229895,1.5900576348889603
-2.7298430911974085,1.2776080546829773
-2.8600172271402626,1.7050700695600933
-1.5268530630446768,2.410803417531601
-2.7610240919911906,2.7958728784663753
-2.841842300788521,1.2635272181714483
-2.801205684827224,2.669987514521111
0.4137792830895988,2.153498988702778
-2.807171985624457,1.2216279853521117
-2.777450644754291,2.739217073957432
-2.834683604033802,2.702854178132456
-1.1761987797500177,2.080985577167236
-2.764256338033358,1.3211992783889348
-2.7803936253972124,1.91875327794501
-1.5136867334924646,2.4531351902170115
0.4395551129437662,1.8810398761863347
-2.699198084104459,1.7663036565953143
0.46188228148124405,2.657740921928213
-1.6013209121470462,2.215115496766405
-1.1447630477143642,2.0235811374429526
-2.8286687909951014,1.7651698946230103
-2.943405935455102,1.2983342914873803
0.39191413900446387,1.977539618585492
-2.842492408284338,2.8828766438817137
-2.7940713890872337,1.7696332220208895
-2.7733424895155663,2.8487143342403964
-2.7299317144524187,1.8564739422480834
-2.8022908812672065,1.8305622395391283
-2.69392107411418,1.66368826263432
-2.9957594150126488,1.2930363309634931
-2.699703774771756,2.863661158178576
-2.812868694416724,1.807619588242982
-0.2519622673704544,2.5461795637201394
-2.954083798834142,2.927072291406399
0.16015574724205422,2.979814918698672
-1.6751658363666067,2.659682078001012
0.42183212475675513,2.349552362114815
-0.5642995510488784,2.5545651435917276
-2.8759422772960614,2.6689799825656513
-2.7454287432834286,1.524610474625915
-2.716459752204672,2.7597030965363816
-2.94047939613873,1.7100420146345259
-2.862582358736822,2.8916335154678148
-2.5518851839722165,1.2441587218511279
-1.4263803465987326,2.4049550341004173
0.14743598015495252,2.6395666548109125
-0.0640119007824736,2.088818465262351
-2.7437037470180137,1.2330372233069267
-2.75142982585648,1.1465391804754907
-1.3466822990191543,2.3592528573458265
-2.821392119543793,1.5822420528952215
-2.6745576871761343,2.7390513245307653
0.6664932583944678,2.126670461583112
-2.7355716413250604,1.8506652813084186
-2.913895384676387,2.832831229898896
0.16675507764615677,2.3290030734540115
-2.974316110464306,1.764992021583176
0.6789567844980541,2.2429035730009566
-2.8600895743919343,2.9583005983396777
-2.7620787596563785,1.2813037529606257
-2.919402434374039,2.8349874182179624
-2.7936740862249665,1.8197395093463586
-2.7176730135854408,1.4147788382499105
-1.0950286551241666,1.8161705256972587
-2.7735475849593785,1.7709531119094686
-2.6278265464017574,1.8978382714507807
-1.1936053927560564,2.7531088905340733
0.5730998772473566,2.2406931904235146
-2.7064020613745523,1.2969526258444841
-1.4283874112947448,2.3153993660811136
-1.304850192806217,2.3974507914462175
-2.6944188916801695,1.3359387804557155
-2.8639064468545667,1.8198151723248073
-2.9402740726539824,1.7591177177219206
0.16360749358689286,2.681646083088826
-2.9041504103034828,2.8268958804679647
-2.9262182972099837,2.7323659699996563
-2.648385395186557,1.7889979245003833
-2.2055777861210375,2.504791006475199
-2.8791239337367505,2.755621002658286
-2.917726090500273,1.9772934746913864
-2.974760283987205,1.8040300284889836
-1.5231893718148533,1.9231284405051732
-2.761021922980957,1.3274015070765166
-2.761804627861062,1.2464564629867694
-1.6189960256815075,2.316451458092179
-2.6015634771032503,1.3988013192431281
-2.7179821642988475,3.063732788501612
-2.822984916880271,2.0167320450562993
0.6575253910182781,1.6212051995905523
-2.8042045041146597,2.922915301797497
-2.9454809892025815,1.2845247276759615
-2.8591313380881154,2.883656330816502
0.18184558805574158,1.71972852034137
-2.9464269564216052,1.2691943976736266
-2.845341158706889,2.7167536593199357
-2.865020644920823,1.26926943553183
-2.736589462066336,1.9883576431441994
0.3456516171603323,2.3456135117202117
-1.5504774791839109,2.540761278365192
-2.809735070025222,2.673266365032255
-2.9343900478529577,1.3065928376740166
-2.8126415899082726,1.9015730956493486
-2.8687894367001245,1.8002248781927122
-3.018625002160044,2.7434292244240117
-2.7425515837512893,1.8055619171235981
-0.007653200845496949,2.4797149767288658
-2.856669320117948,1.3911303935019501
-2.7869782579607794,1.2641148962015993
0.632962703889286,1.9770409273883356
-2.7761309555074116,2.765476861517907
-1.6641945539194596,2.2452003122990756
-2.9190416149452525,2.805221443701392
-2.727845750169543,1.2039975068538158
-2.8235974840438294,2.9904126407087124
-2.8105921337223743,1.3386199866771116
-2.782019334395531,1.482599015559174
-1.4299121661046323,2.074276618329072
-2.9387343146541642,1.6143097730921099
-3.0097964776507826,2.7961682435713158
-1.5057020006382502,2.107958637225334
0.39053508010290094,2.7449161942636326
-2.7706641429134544,1.707867972547771
-1.7182261060406645,2.258931506359227
-2.830574839448444,1.899669659411468
-2.701074015346518,1.2705104967055512
-2.853069770310283,2.731621226834682
0.3093755271724098,2.000373705621789
-2.8528357399303874,2.7363912857202797
-2.8050532029258175,1.2706998673439347
-2.9455275963140295,1.823971770298435
-1.396252671411103,2.230098900598157
-0.0012967936884381026,2.5556452663616214
-2.805414744959903,2.8049529143345757
0.45530098386979884,2.3886727354297888
-2.9388417362784898,2.7777527011473455
-2.887464877888354,2.816500383860541
-1.7194756537045663,2.1995902411599197
0.2352619698393583,1.7653917800177221
-2.6913334643922213,1.2442201046341628
-1.212397678129711,2.008273339851725
-1.68770800493517,2.605224657459524
-1.4681884639941878,2.084937657474948
-2.94594443452691,2.865773672987842
-2.7483645934890566,1.6358730239138946
-1.6945193744919567,2.494269563392314
-2.7192378464191895,1.813022821396877
-1.7893407479212058,1.871970360451819
-1.5719570753150582,2.304640775112964
-2.9733629262429853,2.776538409793027
-2.842556900446401,1.4587070391559869
-1.3643927678818701,2.282238048115055
0.5114536838315301,2.359771078519463
-2.666137200378345,1.7775119476693557
-1.0443608426137587,2.6207835874346377
-2.880080064268592,1.2129167761203274
-2.770832161858269,2.8450068780195186
-2.8802604620744767,1.8306864655636663
-2.754203971869072,1.2027350162546115
-2.799357971117922,1.3874388316472968
-2.634212276097507,2.894767069771984
-2.8192997015432493,2.8448666424532543
0.21536716837407843,2.4959288548527705
-1.5485858197535076,1.760825788663976
-2.8881287059654457,1.298358297513279
0.1718179498974196,2.857170926771728
-2.8025777083501175,2.8990436221068245
-2.8571734523496,1.7707189920634028
-1.7442073296311094,2.447403378051385
-2.8228215825577925,1.2482862734915845
-1.2155367810628386,2.340395685051445
0.6083877003213891,2.1016552285543444
0.2555640299861893,1.6526923963218185
-2.8951919758459663,2.7857494813012624
-2.8970097436277453,1.8420735526302692
-2.79557556736824,1.4254253651177236
0.4272247549311928,1.998865121431414
-2.761929608591492,1.2959334035500232
-2.911411201601062,1.8903717035654457
-0.4604302357623356,2.5141717425304364
0.358625802297153,2.768557380084207
-2.8061137198315262,1.3069048128892788
-1.4046281504224727,2.528860562977129
-2.764986397351382,1.3669220704045064
-2.825249746249465,2.6820752966625836
-2.8716928020817014,1.826768784672998
-2.708211666523318,1.2860989366628455
-2.8623472936258425,1.2298676389917467
-1.2364597535093502,1.816852935702898
-2.8650550954987057,3.0564839640394807
-2.7112057654336557,2.7646603488368515
-0.722073309440483,2.661362395586174
-2.700263597803265,1.9375363800681704
-2.909600540971828,2.895951229545859
-0.3365462508289921,2.6542883226665883
0.32205491830770516,2.1384418205839566
0.8479214132694264,2.4409924524974955
-2.3050865300174395,1.8395617597012586
-2.8950458143993805,2.847308637894513
-2.6687976153502015,2.835680490422707
-0.707801744579456,2.053229898716816
-2.70544970846734,1.502314447790936
0.10971746356485836,2.6836683278292446
-0.17732687313873713,2.549072996106601
-1.1539639145666094,2.6641580294459466
-2.8116153035508433,1.811450876998541
-2.9072778422837433,1.904886148918157
-2.853064311820636,2.8071718064415263
-2.6400580868510692,1.7718930302584348
-2.6129652116988176,1.2866752285251013
-2.8462706579337174,1.3406164566907226
-2.7315951950860633,2.7847939740182506
-1.2851341279062403,2.5139985173037753
-2.7702762823130413,1.3870582806444893
-2.7837852229927433,2.812897083647544
-2.814692353181101,1.3480226843613035
-2.7603459208753045,2.947675960101703
-2.905174802859628,2.8845618834986624
-2.8346155511132,1.3475456793013405
-1.9316363381516175,1.9501017538579712
-2.837896039120977,2.7118928775186606
0.8169932601075816,2.7318183381815686
-2.7790041721445085,1.2545642803168666
-2.844835131226886,1.7940127428810955
-2.998628163072085,1.210165332426688
0.5139426397207623,2.475325322939253
-2.8591946051076507,2.5586885200192215
-2.6835633122462212,1.276169336213034
-2.7751026298379085,2.7532739890250437
-2.701143236946279,1.8602294400574675
-2.821377095065032,1.7334245794464773
-0.046768779636189084,2.1550871086321104
-2.8057657792253017,2.810512528382498
-1.7965162742310543,2.529778162101462
-2.766086498411988,1.257882582442878
0.19510312535742277,2.269734615405173
-2.601943505354359,1.8354078600982175
-2.8402949168291096,1.834981781582088
-2.8127956370558644,1.1747785475299977
-2.8443719637222147,1.2928274149057086
-2.8419673591018038,1.332121873376515
-2.619975127272832,1.4431950464948564
-2.8815453417777097,1.7760715155826439
-1.078498737852367,2.775731866302617
-0.4428851327251822,2.689157115197255
-2.922108574357914,1.8329899526553894
-2.8427434953162134,2.8069199878411624
-2.7936674827780523,1.8741668311397293
-2.9575280271361226,1.2977558670180886
-2.778077482632834,2.6809739712545886
-1.598440376444451,1.9365742720120425
-2.6722272479828666,1.3873612344826478
-1.392959258512965,1.9501606136905865
-1.4030077954821487,2.05444323513029
0.7152814235033575,2.0646948775750773
-1.7715480262297432,2.3966943212978773
-1.2733466285694741,2.193960497348129
-2.877825922561129,1.6594435356422124
0.3318999392510906,2.2304705667932745
-0.06161565783206108,1.8213508855716813
-2.8075559738333755,1.850894321144495
-1.5383552621231997,2.256586527251511
0.45484513312497615,2.3522491909049013
-2.6404905890508354,1.8237856389741112
-2.819389171056985,1.6933706617134243
-2.762973699665184,1.8570713800309877
-1.7861555095390689,1.9507780050209018
-2.7679714111229363,1.2764382851829235
-1.2736019301576404,1.6592621264225995
-2.9330450360491938,2.907438427991595
-1.1251266859697535,2.8065157389654436
-2.8440081407430293,1.8384504304606668
-1.9557414029250282,1.9787519943123582
0.193268181877975,1.8240999981365709
-0.3127832729227427,1.5635111480419992
-2.8942450874230135,1.2650912636870084
-2.731518633606435,1.2566177169928237
-2.930016164065942,2.80214997012704
-2.9232083959865163,1.758929661319298
-2.519614742469376,2.7024450471355927
-2.9281901553326963,1.3224312765798603
-2.845267822024299,1.875804995736777
-2.7857331204942293,1.252506105986693
-2.865298715932896,2.7373787642282075
-2.733184587213075,1.2465308768395482
-2.7646028063588037,1.903358802805826
-2.7954615310186712,2.8324096153103504
-2.9902082592295485,1.899890531869949
-3.1050457292116116,2.8300737547076786
-1.335706918705671,2.386448129666933
-2.6234637618205787,1.4199003069489962
-2.7419549922867823,2.6684931946730606
-2.890899185074808,1.2683849853240727
-2.8527012817065382,1.5599540523352236
0.10792874202215476,2.6979734837772824
-2.7521973905472943,1.136007731782446
-0.05465024457163892,1.0998735428492497
-2.753467529132085,1.2129446033679554
-2.2042428226891886,2.3233660367173625
-2.872209754699342,1.2248034661568377
-2.6995458785602273,2.7836992106708864
-0.08442127844941621,2.49845016889563
-2.8884802529054108,1.8629663570953805
-2.891511841121077,1.5636957301469399
-2.7422355580700364,1.3646634738955665
-0.3130442457566463,2.970523037716163
-2.9453031992646546,1.4344563323870834
-1.6591203791414924,2.1742080948313487
0.15693317061066897,1.739430132109049
-2.753542947091866,1.6262365723401901
-0.719699551163681,2.3295327430299766
-2.7583377901896022,2.7837894671712298
0.43725126072395826,2.180068778409952
-2.75460410234657,1.2890230662827988
-3.055594301432584,1.957719606830921
-1.8467988140426774,2.7497616990040408
-2.6807858856569338,1.6558201009869387
-1.8248211250085586,1.8599670586864794
-0.27743676890327323,1.8799932755698505
-2.9606781182655912,1.7834190404862316
-0.05017158958670387,2.2313806955217115
-2.651255252969558,2.89248960953467
-2.8516294663245367,2.701312936412532
-2.777277948512234,2.94721733434005
-2.8275141890119797,2.800332923811773
-1.3557480612243364,2.3731190860996145
-0.08463368652154751,1.9118536444138619
-2.8731889418606884,1.9493473876301644
-2.9113060331139087,1.7678538141277123
-2.877456108989374,1.7183301926182908
-2.9325442710254186,1.827955608915753
-2.728097527492098,1.2270303923050054
-2.822400915937969,1.9018775760651339
-2.868525076336454,1.7132643544909085
-2.88043648954675,1.3458740565948166
-2.7642849864188013,2.911676089631761
0.17599942279252725,2.6150741366452284
-2.816428830313811,2.7611077430506787
-1.7731720194021494,2.353360192515357
-2.8425023237455656,1.2371308049394254
-2.7817506177380147,2.804078153838865
-2.797972421610596,2.7609805505410256
-1.334064051662722,2.3287161376508245
-2.8796937073250324,1.852115631558193
-2.7093386793088277,2.6185166764590306
-2.7841873522736615,2.8389542856927634
0.9587350320271251,2.659483659857619
-0.7256927190651313,2.365355921819949
-1.4279330124905683,2.2294344801068657
-2.916660100732162,1.260843142988731
-2.634629945603908,2.8010351199347023
-2.6366235966289917,2.735692076098246
-2.7829455674641683,1.7412106937571
-1.8262117404658764,2.2648309493749554
0.7706884626595343,2.3627375934816732
-2.8199877545381526,1.4228332088396036
-1.4713685788568203,2.136754448420873
-2.6886661934879963,2.87882945024087
-2.6097919020655254,1.8319169394453236
-1.7286686331189043,2.5074069500849063
-2.8752132374282318,1.8310165249676418
0.17216259729730793,2.2298951934812186
-1.0330019062870646,1.6927998024154243
-2.6499469357367396,2.904843026430857
-2.6995906694839737,2.8895687653191007
0.10493829059433303,2.268575887988065
-2.8509644669332834,1.8898426446244052
-2.7815788380713884,2.887007559809859
-1.654788076427616,2.3186610295412917
-2.6904796844265126,1.8190107788536714
-0.5061762670633307,2.4508233432240862
-2.86361648292096,2.938806118448348
-1.1441903111441007,1.9214994741923361
-1.5479131435538813,2.345378287331172
-2.7933157771402506,1.1824966407440145
-1.83961543708417,2.2000523555949667
-1.1222861793479304,2.604454018696432
-1.3197907612749709,1.792831751320617
-2.8994675827426923,2.8279093289392443
-2.8020024122148675,2.797704294746294
-2.769040175855085,2.921595908116939
0.5974444593464419,2.4407188749697966
-2.7186650744564624,1.8918357380457165
-2.8971884641267436,1.2946394099927188
-1.4843461519866517,2.2586915763311928
-2.6843356330394217,1.221508688650008
-2.987867470325576,2.87127771360734
-2.8949830773977046,1.444680389821584
-2.672759379240092,2.7125259045117462
-2.875651781328441,1.746242456143792
-1.04154461508302,2.173251041071684
0.2702622188439155,1.8265847532360642
-2.9085244084565485,2.7368721594404644
-2.7651435044396364,1.6578131675811716
-2.7546925745392024,1.399067560990242
-2.644081507607381,1.761574018076926
-2.7528727238990376,1.3024846665609287
-2.8777531356601704,1.793454361311716
-0.13201979122825525,1.6878405224482653
-2.728544467359792,2.665621035687107
-2.7734733593713568,1.8651987275914494
-2.6984846948188497,1.7324063632376046
-2.9265536044668217,1.4835984422361688
-1.189767819602419,2.2337712012212156
-2.885380808748597,1.68208843382483
-2.707671835163023,2.608326236976248
0.9064643511717336,2.168234499234774
-2.7652082828478357,1.741091477047916
0.6240502197679496,1.182086095298167
-1.3223310115406308,2.6408758706314988
-2.856787526566982,1.2300821384103846
-2.7325704234917265,2.9333532756038485
-2.712302726143312,1.8151942331775144
0.5101316042041975,2.2036183135577456
-2.8736034830731927,1.5989985095259998
-1.4668007499418263,2.1970726485964875
-1.6636017032490973,2.3776971887243428
-2.734877448183002,2.813413870213159
-1.4419049986123476,2.347460057830749
0.17025001312500854,2.5911116630210413
-2.8638522691546737,1.452367204290234
0.16208981982404236,2.777234368937604
-2.8762074854467974,1.3521889212206337
-2.695747731071344,1.210886578272039
-2.7330000435076394,2.920331468448249
-0.027382341917905867,2.1296822390019474
-1.196837700054875,2.2548920093779588
-2.93354266480735,1.8341446435215174
-2.817372188236268,2.7151611737240025
-2.9579026282356864,2.9021193316338563
-2.881256605725066,2.8694518497430317
-2.9860891463572026,2.831227131003914
-2.9014193604877265,1.246872426885401
-1.4592877611062725,2.557459962226089
-2.8731420837245687,1.8973443114107256
0.052472612620861475,1.5374520485878125
-2.8276455847370765,1.5100390154694532
-2.785540512511107,1.24743187328866
-2.8138632463758686,1.2256364079970168
-2.8858456929894842,1.2312866028372962
-2.703250438802983,1.4012686525089002
0.20937902192102548,1.844024273876541
-2.722787915468346,2.7738059572597544
-2.7804390791988784,1.430297387748534
-2.690020352648438,1.1970825634021907
-2.6649004001002248,2.90405489205282
-2.7617483718908478,1.358501947973979
0.6280928178371739,2.0336158713112678
-0.3146068229768662,2.406704367085239
-2.836216974402144,2.6630785247151203
0.42762125678208435,1.5232079676819519
0.10961237733598328,2.900127517666483
-2.58560809311071,1.7001091618839175
-0.9401477751363299,2.547853869435132
-2.8469874362223746,1.8049868085347505
-2.911580020508961,1.8582966862727803
-2.758505028044002,1.6427344271043984
-1.09710172905311,1.7121908174980238
-1.6146366181724219,2.4747225792055705
-2.8621740976699783,1.734231285077761
0.32900710266351696,1.7243653715146974
-1.360786343322302,2.060439226906857
-1.845055846174217,2.411329516457553
-1.555235947603919,2.5784393832112125
-2.0231304629724045,2.2612333512379403
-1.490784251059988,2.4307358405543646
-2.808986617449999,1.8398837791605598
-2.84062796116001,1.7978114379897696
-1.688556510630385,2.0967682286365394
0.7385157105838347,2.4238756470138076
-2.635429538744103,2.740271925567274
0.18034981845333933,2.551655274316056
-2.97943516817554,1.4099336072404067
0.39531290244639206,1.1953930127718435
-2.8047632398964555,2.775946472917248
-2.7488206478516566,1.3355029295356944
-2.886386526452747,1.68450754506906
-1.2852815090351593,2.496388785033516
-1.765836555410102,2.2472624412407622
-2.8144668310859466,2.963396679271168
-2.7724806833418096,1.2661155987049935
0.06315319062925479,2.111229339146591
0.41949804791133183,2.570651595822354
-2.791805277315397,1.2424944951666652
-2.8155927137338836,1.0842085964544954
0.5042639881724427,2.26437415247599
-2.780347845942273,2.800456310549597
-2.902587382198139,1.3036793981993502
0.5212824978170073,1.745997178748012
-1.1578579258510202,2.3591622776900434
-2.8167003947429254,1.8985431723019044
0.30776465220315485,2.090158152239659
-2.8140992076202815,1.6671390363240595
-1.220028299332089,1.7649755777111644
-2.777880096944165,1.728145119228042
-2.733795312252939,1.88298432066968
-2.882054498202599,2.831065377880387
-0.8719838410339126,2.505167447988087
-2.777824754389047,2.8893400001773912
-2.851860811608965,2.9865076297564523
-1.6737201335600833,2.656461779899557
0.5844305854454025,2.524310868893978
-0.008388934121724784,2.38388882279064
0.39685778366992724,2.287796460023437
-2.6497429674150776,1.6613294814765571
-1.1796861966744747,2.618783051349058
-2.86624549576451,1.857562055132125
0.25806453251130396,2.0149889010916118
-1.9115617795834134,1.8365379964058113
-0.03695663711590061,2.315667459891033
-1.7060932854563307,1.7779219510299455
-2.751333874654326,2.8032446587584863
-2.7870848534604895,1.098527995267276
-2.816680331558532,2.8091663353413843
0.22413833914740106,2.6903130500380326
-2.864567552628611,2.6380802564652104
-2.5343687964014316,1.2465760756651447
-2.9423628547185943,1.3444838839396651
-2.75942891286584,1.285083925168854
-2.8461040194685516,1.2576816054617395
0.6729340907318677,1.8285983724709702
-2.8077303945778187,1.657515315776441
-2.7807724541818035,2.738741215301489
-2.7106782023274776,2.7877916662059294
-1.7006779878128255,2.054996542101903
-2.7921371840635016,2.6364728942519577
-2.77960657394792,2.9293710844656613
0.6825128776463388,2.692222793935186
0.26374300499151826,2.6151195166562933
-2.773448770635642,1.844739991969353
-2.8749279524286013,1.302165634244476
-2.7093594051975995,1.650382858854626
-0.21806561175810624,1.7807165157286238
-0.8914620222929911,2.4344019896432
0.016313181351415934,2.2477760811928733
0.05155405951904607,2.6058162348837532
-1.0581603091998817,2.768321275214017
0.6286737443116702,2.6616474472136087
-2.8203598145103768,2.875205196791731
-2.7622177859678056,1.6609088242226522
-2.7523665425153983,2.5300501024765745
0.08480645339168749,2.41992334090796
-2.765653333440081,1.6458830024385762
0.6898628452399233,3.1657088253379038
-0.24879969663534934,2.4167937320066457
-2.7668855086060407,2.779274761498406
-1.8736827533103586,2.0517845365891714
-2.75985880683752,2.6930042560212395
-1.806480548474548,2.3573546537890464
0.15241765115552558,2.100710368374574
0.12647595184836513,1.7346613511507931
-2.8075449967072417,1.3575220824609888
-2.7703790856892363,1.4314632204358642
-0.04871580631906319,2.3762692261116207
-2.923062070974489,1.738630526143452
0.27131609664238415,2.9961385181571294
-2.839480273881019,1.1798739043629602
-2.8861612509467136,1.8304981648957672
-1.0849891560574156,2.608174363854687
-1.6907435030230547,2.2161607274054624
-2.818893040085697,1.3952764260603674
-2.8051301384802914,2.614289772839091
0.5732974629432954,2.5432331611239283
1.2043245532415037,2.490048472055203
-2.8078471856214264,2.74063368767723
-1.463280882842823,2.144426510079488
-2.5694325261442086,1.301668656621489
-2.8332022956838103,2.7275121576857995
-2.581358187815763,1.7918610083839346
-2.9641856953364596,1.875363357907206
-2.8050356962577543,1.507682599215201
-2.826336690092495,1.1316140779446011
-2.750628339731165,1.421650502301569
-0.0064170000568105345,2.4236643410771834
-1.4704402353957715,2.79054574668492
-2.716795790074438,1.8539641397820754
0.11858927997989256,1.3834320083620777
-0.21043102508489853,2.171346059190659
-2.8557702001888297,1.4147105638355306
-2.9178454329446204,1.7792808246288012
-0.2268981258249571,2.1656628512787837
-1.3052060361305446,1.8594340695810216
-0.9594066813539684,2.1380100989879507
-2.0218342051354905,1.8949580400654746
0.11220219819559966,2.2090989400974794
-1.9243075318449747,2.0467410362212686
-2.878248781338653,1.290117118104434
-1.3642717956088122,2.388554778196686
-2.750267106805316,1.1771968262239576
-2.638697746261161,1.893311294469477
-0.061916746831986336,1.9853577907245556
-2.9301559651274656,1.7994109123532642
-2.8837770707572306,2.994825465748681
0.037908857828925335,1.3846739592113106
-1.2559213353618244,2.2608061858028945
-0.025317143488536725,1.4145320953406326
0.8013274081667643,2.2149068131929757
-2.700175149167831,1.4112770241675514
-1.5196255638546203,2.727600178288734
-2.7947203266014413,1.4149537145962385
0.11038467767881723,2.5103016868455623
-2.7874409909963207,2.730126553320463
-1.2034738255892168,1.9216109587739476
-2.874577559109921,1.3138513836477377
-2.684883384988223,2.6725248845434044
-2.7491862413961066,1.8982510826401089
-1.2810192240523948,2.3166847052789667
-1.439465525288117,2.6068940915955365
-2.7966511853294156,2.6739614181855784
-2.8386664926400504,1.4379545125864912
-2.7367725863067087,1.350267427615689
-2.8423178997437453,2.8095687760508223
-2.737382152935241,1.7681597899363364
-2.7723495171370915,1.333486122560645
-2.658142281222684,1.7811744869289732
-1.7254843589317737,2.3620475282928863
-2.808945004698863,2.64324729611824
-2.8304895966009465,1.3205467237142015
-2.7485681330330594,1.1604291090445287
-2.9662322522752036,1.8126152591744287
-2.795092091529983,1.3749456589601265
-2.832496676325604,1.7294635450444404
0.4826213910094844,2.0573272879124587
-2.835656996281491,1.1717348534709133
-2.8310423929232553,1.8162805970862004
-2.8030354261206742,2.7294811548907836
0.24057359408464618,2.4010310942221267
-2.6380776773190555,1.9562106511283932
